INSERT INTO ministry(id, "ministryName") VALUES ('5e3804cf-c2ae-41de-8bf9-c5d134d4c093','Education');
INSERT INTO ministry(id, "ministryName") VALUES ('efe980e4-6e79-493f-a3ea-b4eb0de02321','Energy, Mines & Petroleum Resources');
INSERT INTO ministry(id, "ministryName") VALUES ('5d65df5a-52bf-45a1-978c-f9df059f7848','Environment & Climate Change Strategy');
INSERT INTO ministry(id, "ministryName") VALUES ('3208c961-27ff-401c-938d-956c5ef8eae8','Finance');
INSERT INTO ministry(id, "ministryName") VALUES ('c2db8e43-a12b-402d-93ad-b4c8ef2cdcf7','Forests, Lands, Natural Resource Operations & Rural Development');
INSERT INTO ministry(id, "ministryName") VALUES ('b15ee92e-5131-4f4e-bd9e-443e8f6b81b5','Health');
INSERT INTO ministry(id, "ministryName") VALUES ('a60da50f-fecc-4889-a371-36b56cda33fc','Indigenous Relations & Reconciliation');
INSERT INTO ministry(id, "ministryName") VALUES ('12c9cb15-0a35-4154-a184-8f3f4675365e','Jobs, Trade & Technology');
INSERT INTO ministry(id, "ministryName") VALUES ('eeead7c8-c89f-4c6a-a910-c72a39fa970f','Labour');
INSERT INTO ministry(id, "ministryName") VALUES ('c4560a7e-f386-4a25-8ddc-5b176584f01c','Mental Health & Addictions');
INSERT INTO ministry(id, "ministryName") VALUES ('3967c10b-2180-4f4a-8c89-cf36bc4bd29b','Municipal Affairs & Housing');
INSERT INTO ministry(id, "ministryName") VALUES ('061b4e1f-0a68-41f7-a65c-16a42fe8a368','Public Safety & Solicitor General & Emergency B.C.');
INSERT INTO ministry(id, "ministryName") VALUES ('c3a55400-c0d2-40f2-94e1-2115253b5b69','Social Development & Poverty Reduction');
INSERT INTO ministry(id, "ministryName") VALUES ('ef8cc002-c63a-4e5c-bf15-4c4e39748a30','Tourism, Arts & Culture');
INSERT INTO ministry(id, "ministryName") VALUES ('e0237cd0-d46d-49b6-9433-c91fce4b241a','Transportation & Infrastructure');

INSERT INTO project_sector(id, "projectSectorName") VALUES ('803f82c0-cd82-4da2-b239-d295d7665f42','Construction');
INSERT INTO project_sector(id, "projectSectorName") VALUES ('2260e08e-fe02-44f0-9290-494836baab38','Education');
INSERT INTO project_sector(id, "projectSectorName") VALUES ('75da2e23-a63d-419a-840d-d1532040df42','Finance');
INSERT INTO project_sector(id, "projectSectorName") VALUES ('86588ff7-158c-42d4-a700-3df6b53c0f81','Health');
INSERT INTO project_sector(id, "projectSectorName") VALUES ('b6c99fb3-4f10-4474-b417-5ab058be883c','Human Resource / Talent Management');
INSERT INTO project_sector(id, "projectSectorName") VALUES ('5e3804cf-c2ae-41de-8bf9-c5d134d4c093','Information Technology / Information Management');
INSERT INTO project_sector(id, "projectSectorName") VALUES ('efe980e4-6e79-493f-a3ea-b4eb0de02321','Legal / Risk Related');
INSERT INTO project_sector(id, "projectSectorName") VALUES ('5d65df5a-52bf-45a1-978c-f9df059f7848','Manufacturing / Warehouse Equipment or Services');
INSERT INTO project_sector(id, "projectSectorName") VALUES ('3208c961-27ff-401c-938d-956c5ef8eae8','Natural Resources');
INSERT INTO project_sector(id, "projectSectorName") VALUES ('c2db8e43-a12b-402d-93ad-b4c8ef2cdcf7','Office Equipment, Furniture or Supplies');
INSERT INTO project_sector(id, "projectSectorName") VALUES ('b15ee92e-5131-4f4e-bd9e-443e8f6b81b5','Professional Consulting Services');
INSERT INTO project_sector(id, "projectSectorName") VALUES ('a60da50f-fecc-4889-a371-36b56cda33fc','Social Services');
INSERT INTO project_sector(id, "projectSectorName") VALUES ('12c9cb15-0a35-4154-a184-8f3f4675365e','Vehicle / Vehicle Parts or Supplies');
INSERT INTO project_sector(id, "projectSectorName") VALUES ('eeead7c8-c89f-4c6a-a910-c72a39fa970f','Other');

INSERT INTO rfx_type(id, "rfxTypeName") VALUES ('803f82c0-cd82-4da2-b239-d295d7665f42','ITQ (Invitation to Quote)');
INSERT INTO rfx_type(id, "rfxTypeName") VALUES ('2260e08e-fe02-44f0-9290-494836baab38','ITT (Invitation to Tender');
INSERT INTO rfx_type(id, "rfxTypeName") VALUES ('75da2e23-a63d-419a-840d-d1532040df42','JSRFP (Joint Solution Request for Proposals)');
INSERT INTO rfx_type(id, "rfxTypeName") VALUES ('86588ff7-158c-42d4-a700-3df6b53c0f81','NRFP (Negotiated Request for Proposals)');
INSERT INTO rfx_type(id, "rfxTypeName") VALUES ('b6c99fb3-4f10-4474-b417-5ab058be883c','NOI (Notice of Intent)');
INSERT INTO rfx_type(id, "rfxTypeName") VALUES ('5e3804cf-c2ae-41de-8bf9-c5d134d4c093','RFQ (Request for Qualifications)');
INSERT INTO rfx_type(id, "rfxTypeName") VALUES ('efe980e4-6e79-493f-a3ea-b4eb0de02321','RFEI (Request for Expression of Interest)');
INSERT INTO rfx_type(id, "rfxTypeName") VALUES ('5d65df5a-52bf-45a1-978c-f9df059f7848','RFI (Request for Information)');
INSERT INTO rfx_type(id, "rfxTypeName") VALUES ('3208c961-27ff-401c-938d-956c5ef8eae8','RFP (Request for Proposals)');
INSERT INTO rfx_type(id, "rfxTypeName") VALUES ('c2db8e43-a12b-402d-93ad-b4c8ef2cdcf7','RSO (Request for Standing Offer)');
INSERT INTO rfx_type(id, "rfxTypeName") VALUES ('b15ee92e-5131-4f4e-bd9e-443e8f6b81b5','SRFP (Short-form Request for Proposal)');
INSERT INTO rfx_type(id, "rfxTypeName") VALUES ('a60da50f-fecc-4889-a371-36b56cda33fc','SA (Standing Agreement)');
INSERT INTO rfx_type(id, "rfxTypeName") VALUES ('12c9cb15-0a35-4154-a184-8f3f4675365e','SOW (Statement of Work)');
INSERT INTO rfx_type(id, "rfxTypeName") VALUES ('eeead7c8-c89f-4c6a-a910-c72a39fa970f','Pre-Qualification List');
INSERT INTO rfx_type(id, "rfxTypeName") VALUES ('c4560a7e-f386-4a25-8ddc-5b176584f01c','Direct Award');

INSERT INTO rfx_phase(id, "rfxPhaseName") VALUES ('803f82c0-cd82-4da2-b239-d295d7665f42','On-boarding');
INSERT INTO rfx_phase(id, "rfxPhaseName") VALUES ('2260e08e-fe02-44f0-9290-494836baab38','Planning');
INSERT INTO rfx_phase(id, "rfxPhaseName") VALUES ('75da2e23-a63d-419a-840d-d1532040df42','Drafting');
INSERT INTO rfx_phase(id, "rfxPhaseName") VALUES ('86588ff7-158c-42d4-a700-3df6b53c0f81','Active (Posted)');
INSERT INTO rfx_phase(id, "rfxPhaseName") VALUES ('b6c99fb3-4f10-4474-b417-5ab058be883c','Evaluation');
INSERT INTO rfx_phase(id, "rfxPhaseName") VALUES ('5e3804cf-c2ae-41de-8bf9-c5d134d4c093','Award');
INSERT INTO rfx_phase(id, "rfxPhaseName") VALUES ('efe980e4-6e79-493f-a3ea-b4eb0de02321','Contract Management');
INSERT INTO rfx_phase(id, "rfxPhaseName") VALUES ('5d65df5a-52bf-45a1-978c-f9df059f7848','Suspended');
INSERT INTO rfx_phase(id, "rfxPhaseName") VALUES ('3208c961-27ff-401c-938d-956c5ef8eae8','Completed');